keys,ru,en,tr
"REWARD_GOLD_TITLE","Бесплатное золото 🎬","Free Gold 🎬","Ücretsiz Altın 🎬"
"REWARD_GOLD_DESC","Посмотри видео, чтобы получить золото!","Watch a short video to get free gold!","Ücretsiz altın almak для получения золота!"
"REWARD_WATCH_BTN","Смотреть 🎬","Watch 🎬","İzle 🎬"
"FREE_AD_BTN","За рекламу 🎬","Free (Ad) 🎬","Ücretsiz 🎬"
"REWARD_GOLD_RECEIVED","Получено {amount} золота!","Received {amount} gold!","{amount} altın kazanıldı!"
"BOOST_SECTION_AD","Временные усиления за рекламу","Timed Ad Boosts","Süreli Reklam Güçlendirmeleri"
"BOOST_SECTION_GOLD","Зелья и свитки за золото","Elixirs & Scrolls for Gold","Altın İksirleri ve Parşömenleri"
"BOOST_RUSH_TITLE","Золотая лихорадка 🟡","Golden Rush 🟡","Altına Hücum 🟡"
"BOOST_RUSH_DESC","Удваивает всё золото с поверженных врагов на 5 минут! (+100% к золоту)","Doubles all gold from defeated enemies for 5 minutes! (+100% gold)","Düşmanlardan kazanılan tüm altını 5 dakika boyunca 2 katına çıkarır! (+%100 altın)"
"BOOST_FURY_TITLE","Ярость чародея ⚔️","Arcane Fury ⚔️","Büyücü Gazabı ⚔️"
"BOOST_FURY_DESC","Увеличивает весь наносимый урон заклинаний на +50% на 5 минут!","Increases all spell damage dealt by +50% for 5 minutes!","Tüm büyü hasarını 5 dakika boyunca +%50 artırır!"
"BOOST_SWIFT_TITLE","Стремительный шквал ⚡","Zephyr Swiftness ⚡","Fırtına Hızı ⚡"
"BOOST_SWIFT_DESC","Увеличивает скорость бега на +35% и ускоряет атаки на +35% на 5 минут!","Increases movement speed by +35% and attack speed by +35% for 5 minutes!","Hareket hızını ve saldırı hızını 5 dakika boyunca +%35 artırır!"
"BOOST_LUCK_TITLE","Астральная удача 🍀","Astral Fortune 🍀","Astral Şans 🍀"
"BOOST_LUCK_DESC","Повышает шанс редкой экипировки на +50% и ускоряет перезарядку призыва на 30% на 5 минут!","Increases rare equipment drop chance by +50% and reduces summon cooldown by 30% for 5 minutes!","Nadir ekipman düşme şansını +%50 artırır ve çağırma bekleme süresini 5 dakika boyunca %30 azaltır!"
"BOOST_EXTEND_BTN","Продлить 🎬","Extend 🎬","Uzat 🎬"
"BOOST_ACTIVE_TIME","Активно: {time}","Active: {time}","Aktif: {time}"
"BOOST_ACTIVATED","Активирован буст: {name}!","Boost activated: {name}!","Güçlendirme aktif: {name}!"
"EFFECT_TIME_LEFT","Осталось: {seconds} сек.","Time left: {seconds}s","Kalan süre: {seconds} sn."
"EFFECT_CHARGES","Зарядов: {count}","Charges: {count}","Yük: {count}"
"Начать игру","Начать игру","Start Game","Oyunu Başlat"
"Настройки","Настройки","Settings","Ayarlar"
"Выйти","Выйти","Exit","Çıkış"
"Развернуть","Развернуть","Expand","Genişlet"
"ГЕЙМПЛЕЙ","ГЕЙМПЛЕЙ","GAMEPLAY","OYNANIŞ"
"ГРАФИКА","ГРАФИКА","GRAPHICS","GRAFİKLER"
"УПРАВЛЕНИЕ","УПРАВЛЕНИЕ","CONTROLS","KONTROLLER"
"АУДИО","АУДИО","AUDIO","SES"
"Показать обучение:","Показать обучение:","Show Tutorial:","Eğitimi Göster:"
"Компактный режим:","Компактный режим:","Compact Mode:","Kompakt Mod:"
"Призыв противников:","Призыв противников:","Summon Enemies:","Düşmanları Çağır:"
"Пауза:","Пауза:","Pause:","Duraklat:"
"Громкость музыки:","Громкость музыки:","Music Volume:","Müzik Sesi:"
"Громкость эффектов:","Громкость эффектов:","SFX Volume:","Efekt Sesi:"
"Разрешение:","Разрешение:","Resolution:","Çözünürlük:"
"Полноэкранный режим:","Полноэкранный режим:","Fullscreen:","Tam Ekran:"
"Масштаб интерфейса:","Масштаб интерфейса:","UI Scale:","Arayüz Ölçeği:"
"Сбросить прогресс","Сбросить прогресс","Reset Progress","İlerlemeyi Sıfırla"
"Подтвердить сброс?","Подтвердить сброс?","Confirm Reset?","Sıfırlamayı Onayla?"
"Да","Да","Yes","Evet"
"Нет","Нет","No","Hayır"
"Язык:","Язык:","Language:","Dil:"
"Русский","Русский","Russian","Rusça"
"English","English","English","İngilizce"
"Türkçe","Türkçe","Turkish","Türkçe"
"Волна: ","Волна: ","Wave: ","Dalga: "
"Волна: %d","Волна: %d","Wave: %d","Dalga: %d"
"Волна: %d (БОСС)","Волна: %d (БОСС)","Wave: %d (BOSS)","Dalga: %d (PATRON)"
"УБЕЙТЕ БОССА!","УБЕЙТЕ БОССА!","KILL THE BOSS!","PATRONU ÖLDÜR!"
"БОСС! (%0.1fs)","БОСС! (%0.1fs)","BOSS! (%0.1fs)","PATRON! (%0.1fs)"
"Босс готов!","Босс готов!","Boss is ready!","Patron hazır!"
"Убито: %d/20","Убито: %d/20","Kills: %d/20","Öldürme: %d/20"
"БОСС","БОСС","BOSS","PATRON"
"Победа! Волна %d","Победа! Волна %d","Victory! Wave %d","Zafer! Dalga %d"
"Босс сбежал! Волна %d","Босс сбежал! Волна %d","Boss escaped! Wave %d","Patron kaçtı! Dalga %d"
"Магазин","Магазин","Shop","Dükkan"
"Навыки","Навыки","Skills","Yetenekler"
"Улучшения","Улучшения","Upgrades","Geliştirmeler"
"Экипировка","Экипировка","Equipment","Ekipman"
"Снаряжение","Снаряжение","Equipment","Ekipman"
"Продолжить","Продолжить","Resume","Devam Et"
"В главное меню","В главное меню","Main Menu","Ana Menü"
"Выйти в меню","Выйти в меню","Exit to Menu","Menüye Dön"
"Босс сбежал!","Босс сбежал!","Boss escaped!","Patron kaçtı!"
"Нет цели","Нет цели","No Target","Hedef Yok"
"Уровень: ","Уровень: ","Level: ","Seviye: "
"Опыт: ","Опыт: ","XP: ","Deneyim: "
"Золото: ","Золото: ","Gold: ","Altın: "
"Убийств: ","Убийств: ","Kills: ","Öldürme: "
"Враги на текущей волне: ","Враги на текущей волне: ","Enemies on current wave: ","Mevcut dalgadaki düşmanlar: "
"Доступно очков навыков: %d SP","Доступно ОН: %d","Available skill points: %d SP","Kullanılabilir yetenek puanı: %d"
"Усиление посоха","Усиление посоха","Staff Power","Değnek Gücü"
"Увеличивает базовый урон на 10% за уровень. Бонус: +%d%%","Увеличивает базовый урон на 10% за уровень. Бонус: +%d%%","Increases base damage by 10% per level. Bonus: +%d%%","Her seviye için temel hasarı %10 artırır. Bonus: +%d%%"
"Настройка кристалла","Настройка кристалла","Crystal Tuning","Kristal Ayarı"
"Ускоряет призыв и атаку игрока на %d%% за уровень. Бонус: +%d%%","Ускоряет призыв и атаку игрока на %d%% за уровень. Бонус: +%d%%","Speeds up summoning and player attack by %d%% per level. Bonus: +%d%%","Çağırmayı ve oyuncu saldırısını seviye başına %d%% hızlandırır. Bonus: +%d%%"
"Астральный магнит","Астральный магнит","Astral Magnet","Astral Mıknatıs"
"Увеличивает золото и опыт с врагов на 5% за уровень. Бонус: +%d%%","Увеличивает золото и опыт с врагов на 5% за уровень. Бонус: +%d%%","Increases gold and XP from enemies by 5% per level. Bonus: +%d%%","Düşmanlardan kazanılan altın ve deneyimi seviye başına %5 artırır. Bonus: +%d%%"
"Золотое проклятие","Золотое проклятие","Gold Curse","Altın Laneti"
"Увеличивает золото с врагов на 10% за уровень. Бонус: +%d%%","Увеличивает золото с врагов на 10% за уровень. Бонус: +%d%%","Increases gold from enemies by 10% per level. Bonus: +%d%%","Düşmanlardan kazanılan altını seviye başına %10 artırır. Bonus: +%d%%"
"Прозрение","Прозрение","Insight","Aydınlanma"
"Увеличивает получаемый опыт на 10% за уровень. Бонус: +%d%%","Увеличивает получаемый опыт на 10% за уровень. Бонус: +%d%%","Increases gained XP by 10% per level. Bonus: +%d%%","Kazanılan deneyimi seviye başına %10 artırır. Bonus: +%d%%"
"Критическая концентрация","Критическая концентрация","Critical Focus","Kritik Odaklanma"
"Дает +3% к шансу крита и +15% к крит. урону за уровень. Бонус: +%d%% крит, +%d%% урон","Дает +3% к шансу крита и +15% к крит. урону за уровень. Бонус: +%d%% крит, +%d%% урон","Gives +3% crit chance and +15% crit damage per level. Bonus: +%d%% crit, +%d%% damage","Seviye başına +%3 kritik şansı ve +%15 kritik hasarı verir. Bonus: +%d%% kritik, +%d%% hasar"
"Поток маны","Поток маны","Mana Flow","Mana Akışı"
"Увеличивает эффективность магического камня на 10% за уровень. Бонус: +%d%%","Увеличивает эффективность магического камня на 10% за уровень. Бонус: +%d%%","Increases magic stone efficiency by 10% per level. Bonus: +%d%%","Sihirli taş verimliliğini seviye başına %10 artırır. Bonus: +%d%%"
"Снижает кулдаун призыва на 15% за уровень. Бонус: -%d%%","Снижает кулдаун призыва на 15% за уровень. Бонус: -%d%%","Reduces summoning cooldown by 15% per level. Bonus: -%d%%","Çağırma bekleme süresini seviye başına %15 azaltır. Bonus: -%d%%"
"Увеличивает шанс крита на 10% за уровень. Бонус: +%d%%","Увеличивает шанс крита на 10% за уровень. Бонус: +%d%%","Increases crit chance by 10% per level. Bonus: +%d%%","Kritik şansını seviye başına %10 artırır. Bonus: +%d%%"
"Портал стихий","Портал стихий","Elemental Portal","Element Portalı"
"Открывает призыв помощников стихий!","Открывает призыв помощников стихий!","Unlocks summoning of elemental helpers!","Element yardımcılarının çağrılmasını açar!"
"Легендарный фокус","Легендарный фокус","Legendary Focus","Efsanevi Odaklanma"
"Навсегда увеличивает весь наносимый урон на 50%!","Навсегда увеличивает весь наносимый урон на 50%!","Permanently increases all damage dealt by 50%!","Verilen tüm hasarı kalıcı olarak %50 artırır!"
"Малая сила чар","Малая сила чар","Lesser Spell Power","Küçük Büyü Gücü"
"СЧм","СЧм","LSP","KBG"
"Увеличивает урон посоха на 1% за уровень. Текущий бонус: +%d%%","Увеличивает урон посоха на 1% за уровень. Текущий бонус: +%d%%","Increases staff damage by 1% per level. Current bonus: +%d%%","Değnek hasarını seviye başına %1 artırır. Mevcut bonus: +%d%%"
"Средняя сила чар","Средняя сила чар","Medium Spell Power","Orta Büyü Gücü"
"СЧс","СЧс","MSP","OBG"
"Увеличивает урон посоха на 2% за уровень. Текущий бонус: +%d%%","Увеличивает урон посоха на 2% за уровень. Текущий бонус: +%d%%","Increases staff damage by 2% per level. Current bonus: +%d%%","Değnek hasarını seviye başına %2 artırır. Mevcut bonus: +%d%%"
"Большая сила чар","Большая сила чар","Greater Spell Power","Büyük Büyü Gücü"
"СЧб","СЧб","GSP","BBG"
"Увеличивает урон посоха на 5% за уровень. Текущий бонус: +%d%%","Увеличивает урон посоха на 5% за уровень. Текущий бонус: +%d%%","Increases staff damage by 5% per level. Current bonus: +%d%%","Değnek hasarını seviye başına %5 artırır. Mevcut bonus: +%d%%"
"Критическая магия","Критическая магия","Critical Magic","Kritik Büyü"
"КМ","КМ","CM","KB"
"Дает +5% к шансу крита и +15% к силе крита за уровень. Текущий бонус: +%d%% шанс, +%d%% сила","Дает +5% к шансу крита и +15% к силе крита за уровень. Текущий бонус: +%d%% шанс, +%d%% сила","Gives +5% crit chance and +15% crit power per level. Current bonus: +%d%% chance, +%d%% power","Seviye başına +%5 kritik şansı and +%15 kritik gücü verir. Mevcut bonus: +%d%% şans, +%d%% güç"
"Астральный взрыв","Астральный взрыв","Astral Blast","Astral Patlama"
"АВ","АВ","AB","AP"
"Легендарный гибридный навык. Увеличивает силу критического удара на 25% за уровень. Текущий бонус: +%d%%","Легендарный гибридный навык. Увеличивает силу критического удара на 25% за уровень. Текущий бонус: +%d%%","Legendary hybrid skill. Increases critical strike power by 25% per level. Current bonus: +%d%%","Efsanevi hibrit yetenek. Kritik vuruş gücünü seviye başına %25 artırır. Mevcut bonus: +%d%%"
"Малый призыв","Малый призыв","Lesser Summoning","Küçük Çağrı"
"МПм","МПм","LSu","KÇ"
"Снижает кулдаун призыва на 1% за уровень. Текущий бонус: -%d%%","Снижает кулдаун призыва на 1% за уровень. Текущий бонус: -%d%%","Reduces summoning cooldown by 1% per level. Current bonus: -%d%%","Seviye başına çağırma bekleme süresini %1 azaltır. Mevcut bonus: -%d%%"
"Средний призыв","Средний призыв","Medium Summoning","Orta Çağrı"
"МПс","МПс","MSu","OÇ"
"Снижает кулдаун призыва на 2% за уровень. Текущий бонус: -%d%%","Снижает кулдаун призыва на 2% за уровень. Текущий бонус: -%d%%","Reduces summoning cooldown by 2% per level. Current bonus: -%d%%","Seviye başına çağırma bekleme süresini %2 azaltır. Mevcut bonus: -%d%%"
"Большой призыв","Большой призыв","Greater Summoning","Büyük Çağrı"
"МПб","МПб","GSu","BÇ"
"Снижает кулдаун призыва на 5% за уровень. Текущий бонус: -%d%%","Снижает кулдаун призыва на 5% за уровень. Текущий бонус: -%d%%","Reduces summoning cooldown by 5% per level. Current bonus: -%d%%","Seviye başına çağırma bekleme süresini %5 azaltır. Mevcut bonus: -%d%%"
"Автопризыв","Автопризыв","Auto-Summon","Otomatik Çağrı"
"АП","АП","AS","OÇ"
"Автоматически призывает противников, когда таймер активен. Текущий уровень: %d","Автоматически призывает противников, когда таймер активен. Текущий уровень: %d","Automatically summons enemies when the timer is active. Current level: %d","Zamanlayıcı aktifken düşmanları otomatik olarak çağırır. Mevcut seviye: %d"
"Резонанс чар","Резонанс чар","Spell Resonance","Büyü Rezonansı"
"РЧ","РЧ","SR","BR"
"Легендарный гибридный навык. Увеличивает урон посоха на 15% за уровень, когда на арене есть враги. Текущий бонус: +%d%%","Легендарный гибридный навык. Увеличивает урон посоха на 15% за уровень, когда на арене есть враги. Текущий бонус: +%d%%","Legendary hybrid skill. Increases staff damage by 15% per level when there are enemies in the arena. Current bonus: +%d%%","Efsanevi hibrit yetenek. Arenada düşman olduğunda değnek hasarını seviye başına %15 artırır. Mevcut bonus: +%d%%"
"Золотая лихорадка","Золотая лихорадка","Gold Rush","Altına Hücum"
"ЗЛ","ЗЛ","GR","AH"
"Увеличивает получаемое золото на 15% за уровень. Текущий бонус: +%d%%","Увеличивает получаемое золото на 15% за уровень. Текущий бонус: +%d%%","Increases gold gained by 15% per level. Current bonus: +%d%%","Kazanılan altını seviye başına %15 artırır. Mevcut bonus: +%d%%"
"Астральная связь","Астральная связь","Astral Link","Astral Bağ"
"АС","АС","AL","AB"
"Генерирует +1 золотую монету каждую секунду пассивно за уровень. Текущий бонус: +%d золота/сек","Генерирует +1 золотую монету каждую секунду пассивно за уровень. Текущий бонус: +%d золота/сек","Generates +1 gold coin per second passively per level. Current bonus: +%d gold/sec","Seviye başına saniyede +1 altın pasif olarak üretir. Mevcut bonus: +%d altın/sn"
"Охотник за сокровищами","Охотник за сокровищами","Treasure Hunter","Hazine Avcısı"
"ОС","ОС","TH","HA"
"Открывает выпадение редкого лута. 1ур-Необычный, 2ур-Редкий, 3ур-Эпический, 4ур-Легендарный. Текущий ур: %d","Открывает выпадение редкого лута. 1ур-Необычный, 2ур-Редкий, 3ур-Эпический, 4ур-Легендарный. Текущий ур: %d","Unlocks rare loot drops. 1Lvl-Uncommon, 2Lvl-Rare, 3Lvl-Epic, 4Lvl-Legendary. Current lvl: %d","Nadir ganimet düşmelerini açar. 1Sev-Sıradışı, 2Sev-Nadir, 3Sev-Epik, 4Sev-Efsanevi. Mevcut sev: %d"
"Мудрость древних","Мудрость древних","Ancient Wisdom","Kadim Bilgelik"
"МД","МД","AW","KB"
"Увеличивает получаемый опыт на 15% за уровень. Текущий бонус: +%d%%","Увеличивает получаемый опыт на 15% за уровень. Текущий бонус: +%d%%","Increases XP gained by 15% per level. Current bonus: +%d%%","Kazanılan deneyimi seviye başına %15 artırır. Mevcut bonus: +%d%%"
"Синергия кристаллов","Синергия кристаллов","Crystal Synergy","Kristal Sinerjisi"
"СК","СК","CS","KS"
"Повышает эффективность улучшения \"Настройка кристалла\" (бонус за уровень становится +6% вместо +5%).","Повышает эффективность улучшения \"Настройка кристалла\" (бонус за уровень становится +6% вместо +5%).","Increases the efficiency of \"Crystal Tuning\" (level bonus becomes +6% instead of +5%).","\"Kristal Ayarı\" yükseltmesinin verimliliğini artırır (seviye bonusu +%5 yerine +%6 olur)."
"Абсолютный разум","Абсолютный разум","Ultimate Mind","Nihai Zihin"
"АР","АР","UM","NZ"
"Легендарный гибридный навык. Магический камень на 30% сильнее, а откат призыва на 10% быстрее за уровень. Текущий бонус: +%d%% сила камня, -%d%% откат","Легендарный гибридный навык. Магический камень на 30% сильнее, а откат призыва на 10% быстрее за уровень. Текущий бонус: +%d%% сила камня, -%d%% откат","Legendary hybrid skill. Magic stone is 30% stronger, and summon cooldown is 10% faster per level. Current bonus: +%d%% stone power, -%d%% cooldown","Efsanevi hibrit yetenek. Sihirli taş %30 daha güçlüdür ve çağırma bekleme süresi seviye başına %10 daha hızlıdır. Mevcut bonus: +%d%% taş gücü, -%d%% bekleme süresi"
"Перегрузка маны","Перегрузка маны","Mana Overload","Mana Aşırı Yüklemesi"
"ПМ","ПМ","MO","MAY"
"Увеличивает урон на 15% за уровень, но увеличивает кулдауны на 5%. Текущий бонус: +%d%% урон, +%d%% кулдаун","Увеличивает урон на 15% за уровень, но увеличивает кулдауны на 5%. Текущий бонус: +%d%% урон, +%d%% кулдаун","Increases damage by 15% per level, but increases cooldowns by 5%. Current bonus: +%d%% damage, +%d%% cooldown","Hasarı seviye başına %15 artırır, ancak bekleme sürelerini %5 artırır. Mevcut bonus: +%d%% hasar, +%d%% bekleme süresi"
"Абсолютный фокус","Абсолютный фокус","Ultimate Focus","Nihai Odaklanma"
"АФ","АФ","UF","NO"
"Навсегда увеличивает шанс критического удара на 100%!","Навсегда увеличивает шанс критического удара на 100%!","Permanently increases critical strike chance by 100%!","Kritik vuruş şansını kalıcı olarak %100 artırır!"
"Достигнут максимальный уровень!","Достигнут максимальный уровень!","Max level reached!","Maksimum seviyeye ulaşıldı!"
"Макс. уровень","Макс. уровень","Max Level","Maks Seviye"
"Уровень %d","Уровень %d","Level %d","Seviye %d"
"Купить за %d золота","Купить за %d золота","Buy for %d gold","%d altına satın al"
"В раздаче: %s","В раздаче: %s","Loot list: %s","Ganimet listesi: %s"
"Необычный","Необычный","Uncommon","Sıradışı"
"Редкий","Редкий","Rare","Nadir"
"Эпический","Эпический","Epic","Epik"
"Легендарный","Легендарный","Legendary","Efsanevi"
"Обычный","Обычный","Common","Sıradan"
"Не заблокировано","Не заблокировано","Unlocked","Kilidi Açık"
"Заблокировано!","Заблокировано!","Locked!","Kilitli!"
"Повышение уровня!","Повышение уровня!","Level Up!","Seviye Atlama!"
"Босс призван!","Босс призван!","Boss Summoned!","Patron Çağrıldı!"
"Босс","Босс","Boss","Patron"
"Волна %d • %d/20","Волна %d • %d/20","Wave %d • %d/20","Dalga %d • %d/20"
"БОСС %dс","БОСС %dс","BOSS %ds","PATRON %ds"
"БОСС %dс • Эфф. %d","БОСС %dс • Эфф. %d","BOSS %ds • Eff. %d","PATRON %ds • Etki %d"
"НАСТРОЙКИ","НАСТРОЙКИ","SETTINGS","AYARLAR"
"☠ Сбросить прогресс","☠ Сбросить прогресс","☠ Reset Progress","☠ İlerlemeyi Sıfırla"
"Сохранить настройки","Сохранить настройки","Save Settings","Ayarları Kaydet"
"Сбросить весь прогресс?","Сбросить весь прогресс?","Reset All Progress?","Tüm İlerlemeyi Sıfırla?"
"Уровень, золото, навыки и инвентарь \nбудут стерты. Вернуться нельзя.","Уровень, золото, навыки и инвентарь \nбудут стерты. Вернуться нельзя.","Level, gold, skills, and inventory \nwill be wiped. Cannot be undone.","Seviye, altın, yetenekler ve envanter \nsilinecek. Geri alınamaz."
"Да, сбросить","Да, сбросить","Yes, Reset","Evet, Sıfırla"
"Отмена","Отмена","Cancel","İptal"
"The Wizard's Basement","Подвал волшебника","The Wizard's Basement","Sihirbazın Bodrumu"
"УЛУЧШЕНИЯ","УЛУЧШЕНИЯ","UPGRADES","GELİŞTİRMELER"
"Дух Мастера Альдебарана","Дух Мастера Альдебарана","Spirit of Master Aldebaran","Usta Aldebaran'ın Ruhu"
"Приветствую тебя, ученик...","Приветствую тебя, ученик...","Welcome, apprentice...","Hoş geldin çırak..."
"Далее >>","Далее >>","Next >>","Sonraki >>"
"НАВЫКИ","НАВЫКИ","SKILLS","YETENEKLER"
"Очки навыков: 0","Очки навыков: 0","Skill Points: 0","Yetenek Puanı: 0"
"Skill Title","Skill Title","Skill Title","Yetenek Başlığı"
"Level 0/5","Level 0/5","Level 0/5","Seviye 0/5"
"Стоимость: 1 SP","Стоимость: 1 ОН","Cost: 1 SP","Maliyet: 1 puan"
"Skill description goes here...","Skill description goes here...","Skill description goes here...","Yetenek açıklaması buraya gelecek..."
"Requirements: None","Requirements: None","Requirements: None","Gereksinimler: Yok"
"ЛАВКА ВОЛШЕБНИКА","ЛАВКА ВОЛШЕБНИКА","WIZARD'S SHOP","SİHİRBAZIN DÜKKANI"
"0 Золото","0 Золото","0 Gold","0 Altın"
"Продать все материалы","Продать все материалы","Sell All Materials","Tüm Malzemeleri Sat"
"Обновление через: --:--","Обновление через: --:--","Refresh in: --:--","Yenilenme süresi: --:--"
"Обновить (50 Зол.)","Обновить (50 Зол.)","Refresh (50 Gold)","Yenile (50 Altın)"
"Продать снаряжение?","Продать снаряжение?","Sell Equipment?","Ekipmanı Sat?"
"Вы собираетесь продать редкий предмет. \nЭто действие нельзя отменить.","Вы собираетесь продать редкий предмет. \nЭто действие нельзя отменить.","You are about to sell a rare item. \nThis action cannot be undone.","Nadir bir öğeyi satmak üzeresiniz. \nBu işlem geri alınamaz."
"Да, продать","Да, продать","Yes, Sell","Evet, Sat"
"ПАУЗА","ПАУЗА","PAUSE","DURAKLAT"
"СНАРЯЖЕНИЕ И ИНВЕНТАРЬ","СНАРЯЖЕНИЕ И ИНВЕНТАРЬ","EQUIPMENT & INVENTORY","EKİPMAN VE ENVANTER"
"СНАРЯЖЕНИЕ","СНАРЯЖЕНИЕ","EQUIPMENT","EKİPMAN"
"ИНВЕНТАРЬ","ИНВЕНТАРЬ","INVENTORY","ENVANTER"
"Tooltip Name","Tooltip Name","Tooltip Name","İpucu Adı"
"Tooltip Description","Tooltip Description","Tooltip Description","İpucu Açıklaması"
"Remaining Time","Remaining Time","Remaining Time","Kalan Süre"
"Ур. %d","Ур. %d","Lvl. %d","Sev. %d"
"0 Зол.","0 Зол.","0 Gold","0 Altın"
"%d Зол.","%d Зол.","%d Gold","%d Altın"
"XP: 0%","Опыт: 0%","XP: 0%","Deneyim: %0"
"Волна %d • %d/20 • Эфф. %d","Волна %d • %d/20 • Эфф. %d","Wave %d • %d/20 • Eff. %d","Dalga %d • %d/20 • Etki %d"
"ПРИЗВАТЬ (Пробел)","ПРИЗВАТЬ (Пробел)","SUMMON (Space)","ÇAĞIR (Boşluk)"
"Инв.","Инв.","Inv.","Env."
"Улучш.","Улучш.","Upgr.","Gel."
"Уровень %d / Макс","Уровень %d / Макс","Level %d / Max","Seviye %d / Maks"
"Открыть магазин:","Открыть магазин:","Open Shop:","Dükkanı Aç:"
"Открыть навыки:","Открыть навыки:","Open Skills:","Yetenekleri Aç:"
"Открыть инвентарь:","Открыть инвентарь:","Open Inventory:","Envanteri Aç:"
"Открыть мастерскую:","Открыть мастерскую:","Open Workshop:","Atölyeyi Aç:"
"Открыть настройки:","Открыть настройки:","Open Settings:","Ayarları Aç:"
"Очки навыков: %d","Очки навыков: %d","Skill Points: %d","Yetenek Puanları: %d"
"Стоимость: %d SP","Стоимость: %d ОН","Cost: %d SP","Maliyet: %d puan"
"Уровень %d/%d","Уровень %d/%d","Level %d/%d","Seviye %d/%d"
"Требования: %s","Требования: %s","Requirements: %s","Gereksinimler: %s"
"Требования: Нет","Требования: Нет","Requirements: None","Gereksinimler: Yok"
"Сбросить","Сбросить","Reset","Sıfırla"
"Продать","Продать","Sell","Sat"
"Приветствую тебя, юный маг. Я — дух Альдебарана, предыдущего владельца этой древней мастерской. Вижу, ты решил восстановить её былое величие...","Приветствую тебя, юный маг. Я — дух Альдебарана, предыдущего владельца этой древней мастерской. Вижу, ты решил восстановить её былое величие...","Greetings, young mage. I am the spirit of Aldebaran, the previous owner of this ancient workshop. I see you have decided to restore it to its former glory...","Selam genç büyücü. Ben bu kadim atölyenin eski sahibi Aldebaran'ın ruhuyum. Görüyorum ki onu eski görkemine kavuşturmaya karar vermişsin..."
"Мастерская долгие годы была заброшена, но её магический кристалл всё ещё помнит основы чародейства. Не бойся, я поведу тебя шаг за шагом. Давай начнем!","Мастерская долгие годы была заброшена, но её магический кристалл всё ещё помнит основы чародейства. Не бойся, я поведу тебя шаг за шагом. Давай начнем!","The workshop has been abandoned for years, but its magic crystal still remembers the basics of wizardry. Do not fear, I will guide you step by step. Let's begin!","Atölye yıllardır terk edilmiş durumda, ancak sihirli kristali hala büyücülüğün temellerini hatırlıyor. Korkma, sana adım adım rehberlik edeceğim. Hadi başlayalım!"
"Для начала нам нужно призвать существо для испытания чар. Нажми кнопку ""ПРИЗВАТЬ"" справа внизу (или клавишу %s), чтобы вызвать первую тварь.","Для начала нам нужно призвать существо для испытания чар. Нажми кнопку ""ПРИЗВАТЬ"" справа внизу (или клавишу %s), чтобы вызвать первую тварь.","To start, we need to summon a creature to test your spells. Press the ""SUMMON"" button in the bottom right (or the %s key) to call the first beast.","Başlamak için büyülerini test edecek bir yaratık çağırmamız gerekiyor. İlk yaratığı çağırmak için sağ alttaki ""ÇAĞIR"" düğmesine (veya %s tuşuna) bas."
"Отлично! Магический кристалл победил врага. Дождись, пока выпавший материал попадёт в инвентарь.","Отлично! Магический кристалл победил врага. Дождись, пока выпавший материал попадёт в инвентарь.","Great! The magic crystal defeated the enemy. Wait for the dropped material to enter your inventory.","Harika! Sihirli kristal düşmanı yendi. Düşen malzemenin envanterine girmesini bekle."
"Превосходно, золото и материалы у тебя! Давай зайдем в магазин, чтобы улучшить оборудование. Нажми кнопку ""Магазин"" внизу (или клавишу %s).","Превосходно, золото и материалы у тебя! Давай зайдем в магазин, чтобы улучшить оборудование. Нажми кнопку ""Магазин"" внизу (или клавишу %s).","Excellent, you have the gold and materials! Let's go to the shop to upgrade your equipment. Press the ""Shop"" button at the bottom (or the %s key).","Mükemmel, altın ve malzemeler sende! Ekipmanını yükseltmek için dükkana gidelim. Alttaki ""Dükkan"" düğmesine (veya %s tuşuna) bas."
"Перед тобой лавка. Сейчас доступна только вкладка ""Мастерская"" и только улучшение ""Больший котёл"". Остальные покупки и закрытие магазина заблокированы до завершения шага. Я выдал тебе достаточно золота!","Перед тобой лавка. Сейчас доступна только вкладка ""Мастерская"" и только улучшение ""Больший котёл"". Остальные покупки и закрытие магазина заблокированы до завершения шага. Я выдал тебе достаточно золота!","Here is the shop. Right now only the ""Workshop"" tab and the ""Greater Cauldron"" upgrade are available. Other purchases and closing the shop are locked until this step is completed. I have given you enough gold!","İşte dükkan. Şu anda sadece ""Atölye"" sekmesi ve ""Büyük Kazan"" yükseltmesi kullanılabilir. Bu adım tamamlanana kadar diğer satın alımlar ve dükkanı kapatmak kilitlidir. Sana yeterince altın verdim!"
"Молодец, мастерская становится сильнее! Но истинная мощь мага скрыта в его книге заклинаний. Закрой магазин и открой меню ""Навыки"" на панели внизу (или клавишу %s).","Молодец, мастерская становится сильнее! Но истинная мощь мага скрыта в его книге заклинаний. Закрой магазин и открой меню ""Навыки"" на панели внизу (или клавишу %s).","Well done, the workshop is getting stronger! But the true power of a mage is hidden in their spellbook. Close the shop and open the ""Skills"" menu at the bottom (or the %s key).","Aferin, atölye güçleniyor! Ancak bir büyücünün gerçek gücü büyü kitabında saklıdır. Dükkanı kapat ve alttaki panelden ""Yetenekler"" menüsünü aç (veya %s tuşuna bas)."
"Это твое дерево навыков. Я начислил тебе %d SP. Сейчас можно изучить только ""Малую силу чар"" (СЧм) или ""Малый призыв"" (МПм). Дерево останется открытым до покупки навыка.","Это твоё дерево навыков. Я начислил тебе %d ОН. Сейчас можно изучить только ""Малую силу чар"" (СЧм) или ""Малый призыв"" (МПм). Дерево останется открытым до покупки навыка.","This is your skill tree. I have granted you %d SP. Right now you can only learn ""Lesser Spell Power"" (LSP) or ""Lesser Summoning"" (LSu). The tree will remain open until a skill is purchased.","Bu senin yetenek ağacın. Sana %d yetenek puanı verdim. Şu anda sadece ""Küçük Büyü Gücü"" (KBG) veya ""Küçük Çağrı"" (KÇ) öğrenebilirsin. Bir yetenek satın alınana kadar ağaç açık kalacaktır."
"Невероятно! Ты потрясающе быстро осваиваешься. Теперь мастерская полностью в твоих руках.","Невероятно! Ты потрясающе быстро осваиваешься. Теперь мастерская полностью в твоих руках.","Incredible! You are learning amazingly fast. Now the workshop is entirely in your hands.","İnanılmaz! Şaşırtıcı derecede hızlı öğreniyorsun. Artık atölye tamamen senin ellerinde."
"Побеждай волны врагов, призывай грозных боссов на каждой 5-й волне, разблокируй редкий лут и изучай легендарные заклинания. Удачи, юный чародей!","Побеждай волны врагов, призывай грозных боссов на каждой 5-й волне, разблокируй редкий лут и изучай легендарные заклинания. Удачи, юный чародей!","Defeat waves of enemies, summon fearsome bosses on every 5th wave, unlock rare loot, and learn legendary spells. Good luck, young wizard!","Düşman dalgalarını yen, her 5. dalgada korkunç patronları çağır, nadir ganimetlerin kilidini aç ve efsanevi büyüler öğren. İyi şanslar, genç büyücü!"
"Завершить","Завершить","Finish","Tamamla"
"UPGRADE_STAFF_DESCRIPTION","Увеличивает базовый урон на 10% за уровень. Бонус: +{bonus}%","Increases base damage by 10% per level. Bonus: +{bonus}%","Temel hasarı seviye başına %10 artırır. Bonus: +%{bonus}"
"UPGRADE_CRYSTAL_DESCRIPTION","Ускоряет призыв и атаку игрока на {per_level}% за уровень. Бонус: +{bonus}%","Speeds up summoning and player attacks by {per_level}% per level. Bonus: +{bonus}%","Çağırmayı ve oyuncu saldırılarını seviye başına %{per_level} hızlandırır. Bonus: +%{bonus}"
"UPGRADE_WARDS_DESCRIPTION","Увеличивает золото и опыт с врагов на 5% за уровень. Бонус: +{bonus}%","Increases gold and XP from enemies by 5% per level. Bonus: +{bonus}%","Düşmanlardan kazanılan altın ve deneyimi seviye başına %5 artırır. Bonus: +%{bonus}"
"UPGRADE_GOLD_DESCRIPTION","Увеличивает золото с врагов на 10% за уровень. Бонус: +{bonus}%","Increases gold from enemies by 10% per level. Bonus: +{bonus}%","Düşmanlardan kazanılan altını seviye başına %10 artırır. Bonus: +%{bonus}"
"UPGRADE_INSIGHT_DESCRIPTION","Увеличивает получаемый опыт на 10% за уровень. Бонус: +{bonus}%","Increases XP gained by 10% per level. Bonus: +{bonus}%","Kazanılan deneyimi seviye başına %10 artırır. Bonus: +%{bonus}"
"UPGRADE_CRIT_DESCRIPTION","Даёт +3% к шансу крита и +15% к критическому урону за уровень. Бонус: +{crit}% крит, +{damage}% урон","Grants +3% critical chance and +15% critical damage per level. Bonus: +{crit}% crit, +{damage}% damage","Seviye başına +%3 kritik şansı ve +%15 kritik hasar verir. Bonus: +%{crit} kritik, +%{damage} hasar"
"UPGRADE_MANA_DESCRIPTION","Увеличивает эффективность магического камня на 10% за уровень. Бонус: +{bonus}%","Increases magic stone efficiency by 10% per level. Bonus: +{bonus}%","Sihirli taş verimliliğini seviye başına %10 artırır. Bonus: +%{bonus}"
"UPGRADE_PORTAL_DESCRIPTION","Снижает время перезарядки призыва на 15% за уровень. Бонус: -{bonus}%","Reduces summon cooldown by 15% per level. Bonus: -{bonus}%","Çağırma bekleme süresini seviye başına %15 azaltır. Bonus: -%{bonus}"
"UPGRADE_FOCUS_DESCRIPTION","Увеличивает шанс крита на 10% за уровень. Бонус: +{bonus}%","Increases critical chance by 10% per level. Bonus: +{bonus}%","Kritik şansını seviye başına %10 artırır. Bonus: +%{bonus}"
"SKILL_POINTS_AVAILABLE","Доступно ОН: {count}","Available skill points: {count} SP","Kullanılabilir yetenek puanı: {count}"
"SKILL_POINTS_SPENT","-{count} ОН","-{count} SP","-{count} yetenek puanı"
"SKILL_COST","Стоимость: {count} ОН","Cost: {count} SP","Maliyet: {count} puan"
"SKILL_LEVEL","Уровень: {level}/{max}","Level: {level}/{max}","Seviye: {level}/{max}"
"SKILL_SPELL_POWER_SMALL_DESCRIPTION","Увеличивает урон посоха на 1% за уровень. Текущий бонус: +{bonus}%","Increases staff damage by 1% per level. Current bonus: +{bonus}%","Değnek hasarını seviye başına %1 artırır. Mevcut bonus: +%{bonus}"
"SKILL_SPELL_POWER_MEDIUM_DESCRIPTION","Увеличивает урон посоха на 2% за уровень. Текущий бонус: +{bonus}%","Increases staff damage by 2% per level. Current bonus: +{bonus}%","Değnek hasarını seviye başına %2 artırır. Mevcut bonus: +%{bonus}"
"SKILL_SPELL_POWER_LARGE_DESCRIPTION","Увеличивает урон посоха на 5% за уровень. Текущий бонус: +{bonus}%","Increases staff damage by 5% per level. Current bonus: +{bonus}%","Değnek hasarını seviye başına %5 artırır. Mevcut bonus: +%{bonus}"
"SKILL_CRIT_MAGIC_DESCRIPTION","Даёт +5% к шансу крита и +15% к силе крита за уровень. Текущий бонус: +{crit}% шанс, +{power}% сила","Grants +5% critical chance and +15% critical power per level. Current bonus: +{crit}% chance, +{power}% power","Seviye başına +%5 kritik şansı ve +%15 kritik gücü verir. Mevcut bonus: +%{crit} şans, +%{power} güç"
"SKILL_ASTRAL_BLAST_DESCRIPTION","Легендарный гибридный навык. Увеличивает силу критического удара на 25% за уровень. Текущий бонус: +{bonus}%","Legendary hybrid skill. Increases critical strike power by 25% per level. Current bonus: +{bonus}%","Efsanevi hibrit yetenek. Kritik vuruş gücünü seviye başına %25 artırır. Mevcut bonus: +%{bonus}"
"SKILL_SUMMON_SMALL_DESCRIPTION","Снижает время перезарядки призыва на 1% за уровень. Текущий бонус: -{bonus}%","Reduces summon cooldown by 1% per level. Current bonus: -{bonus}%","Çağırma bekleme süresini seviye başına %1 azaltır. Mevcut bonus: -%{bonus}"
"SKILL_SUMMON_MEDIUM_DESCRIPTION","Снижает время перезарядки призыва на 2% за уровень. Текущий бонус: -{bonus}%","Reduces summon cooldown by 2% per level. Current bonus: -{bonus}%","Çağırma bekleme süresini seviye başına %2 azaltır. Mevcut bonus: -%{bonus}"
"SKILL_SUMMON_LARGE_DESCRIPTION","Снижает время перезарядки призыва на 5% за уровень. Текущий бонус: -{bonus}%","Reduces summon cooldown by 5% per level. Current bonus: -{bonus}%","Çağırma bekleme süresini seviye başına %5 azaltır. Mevcut bonus: -%{bonus}"
"SKILL_AUTO_SUMMON_DESCRIPTION","Автоматически призывает противников, когда таймер активен. Текущий уровень: {level}","Automatically summons enemies while the timer is active. Current level: {level}","Zamanlayıcı etkinken düşmanları otomatik çağırır. Mevcut seviye: {level}"
"SKILL_MAGIC_RESONANCE_DESCRIPTION","Легендарный гибридный навык. Увеличивает урон посоха на 15% за уровень, когда на арене есть враги. Текущий бонус: +{bonus}%","Legendary hybrid skill. Increases staff damage by 15% per level while enemies are in the arena. Current bonus: +{bonus}%","Efsanevi hibrit yetenek. Arenada düşman varken değnek hasarını seviye başına %15 artırır. Mevcut bonus: +%{bonus}"
"SKILL_GOLD_RUSH_DESCRIPTION","Увеличивает получаемое золото на 15% за уровень. Текущий бонус: +{bonus}%","Increases gold gained by 15% per level. Current bonus: +{bonus}%","Kazanılan altını seviye başına %15 artırır. Mevcut bonus: +%{bonus}"
"SKILL_ASTRAL_LINK_DESCRIPTION","Пассивно создаёт +1 золотую монету в секунду за уровень. Текущий бонус: +{bonus} золота/с","Passively generates +1 gold per second per level. Current bonus: +{bonus} gold/sec","Seviye başına saniyede pasif olarak +1 altın üretir. Mevcut bonus: +{bonus} altın/sn"
"SKILL_TREASURE_HUNTER_DESCRIPTION","Открывает редкую добычу: 1 ур. — необычная, 2 ур. — редкая, 3 ур. — эпическая, 4 ур. — легендарная. Текущий уровень: {level}","Unlocks rare loot: level 1 — uncommon, level 2 — rare, level 3 — epic, level 4 — legendary. Current level: {level}","Nadir ganimetleri açar: 1. seviye — sıradışı, 2. seviye — nadir, 3. seviye — epik, 4. seviye — efsanevi. Mevcut seviye: {level}"
"SKILL_ANCIENT_WISDOM_DESCRIPTION","Даёт +10% к опыту и снижает стоимость улучшений на 5% за уровень. Текущий бонус: +{xp}% опыт, -{cost}% цена","Grants +10% XP and reduces upgrade costs by 5% per level. Current bonus: +{xp}% XP, -{cost}% cost","Seviye başına +%10 deneyim verir ve geliştirme maliyetini %5 azaltır. Mevcut bonus: +%{xp} deneyim, -%{cost} maliyet"
"SKILL_MANA_OVERLOAD_DESCRIPTION","Увеличивает общую эффективность магического камня на 25% за уровень. Текущий бонус: +{bonus}%","Increases overall magic stone efficiency by 25% per level. Current bonus: +{bonus}%","Sihirli taşın toplam verimliliğini seviye başına %25 artırır. Mevcut bonus: +%{bonus}"
"SKILL_ULTIMATE_FOCUS_DESCRIPTION","Легендарный гибридный навык. Магический камень на 30% сильнее, а призыв восстанавливается на 10% быстрее за уровень. Текущий бонус: +{stone}% сила камня, -{cooldown}% перезарядка","Legendary hybrid skill. Magic stone is 30% stronger and summon cooldown is 10% shorter per level. Current bonus: +{stone}% stone power, -{cooldown}% cooldown","Efsanevi hibrit yetenek. Sihirli taş seviye başına %30 güçlenir ve çağırma bekleme süresi %10 kısalır. Mevcut bonus: +%{stone} taş gücü, -%{cooldown} bekleme"
"GOLD_LONG","{amount} золота","{amount} gold","{amount} altın"
"GOLD_SHORT","{amount} зол.","{amount} gold","{amount} altın"
"GOLD_SPENT","-{amount} зол.","-{amount} gold","-{amount} altın"
"GOLD_RECEIVED","+{amount} зол.","+{amount} gold","+{amount} altın"
"GOLD_REWARD","+{amount} золота","+{amount} gold","+{amount} altın"
"EXPERIENCE_REWARD","+{amount} опыта","+{amount} XP","+{amount} deneyim"
"EXPERIENCE_PERCENT","Опыт: {amount}%","XP: {amount}%","Deneyim: %{amount}"
"SHOP_REFRESH_TIMER","Обновление через: {minutes}:{seconds}","Refresh in: {minutes}:{seconds}","Yenilenme: {minutes}:{seconds}"
"ITEM_STAT_DAMAGE","Урон: {value}","Damage: {value}","Hasar: {value}"
"ITEM_STAT_ATTACK_SPEED","Скорость атаки: {value}","Attack speed: {value}","Saldırı hızı: {value}"
"ITEM_STAT_MANA","Мана: {value}","Mana: {value}","Mana: {value}"
"ITEM_STAT_REGEN","Регенерация HP: {value}/с","HP regeneration: {value}/s","HP yenilenmesi: {value}/sn"
"ITEM_STAT_CRIT_CHANCE","Шанс крита: {value}","Critical chance: {value}","Kritik şansı: {value}"
"ITEM_BUY_PRICE","Цена покупки: {amount} зол.","Buy price: {amount} gold","Satın alma fiyatı: {amount} altın"
"ITEM_SELL_PRICE","Цена продажи: {amount} зол.","Sell price: {amount} gold","Satış fiyatı: {amount} altın"
"ITEM_RECEIVED","+ {item}!","+ {item}!","+ {item}!"
"SELL_ITEM_CONFIRM","Продать «{item}» за {amount} золота?","Sell “{item}” for {amount} gold?","“{item}” öğesini {amount} altına sat?"
"ALL_MATERIALS_SOLD","+{amount} зол. (все материалы)","+{amount} gold (all materials)","+{amount} altın (tüm malzemeler)"
"WORKSHOP_CAULDRON_DESCRIPTION","Увеличивает получаемое золото с врагов на 10%. Текущий уровень: {level}. Бонус: +{bonus}%","Increases gold gained from enemies by 10%. Current level: {level}. Bonus: +{bonus}%","Düşmanlardan kazanılan altını %10 artırır. Mevcut seviye: {level}. Bonus: +%{bonus}"
"WORKSHOP_CRYSTAL_DESCRIPTION","Увеличивает получаемый опыт с врагов на 5%. Текущий уровень: {level}. Бонус: +{bonus}%","Increases XP gained from enemies by 5%. Current level: {level}. Bonus: +{bonus}%","Düşmanlardan kazanılan deneyimi %5 artırır. Mevcut seviye: {level}. Bonus: +%{bonus}"
"WORKSHOP_ENCHANT_DESCRIPTION","Увеличивает силу критического удара на 15%. Текущий уровень: {level}. Бонус: +{bonus}%","Increases critical strike power by 15%. Current level: {level}. Bonus: +{bonus}%","Kritik vuruş gücünü %15 artırır. Mevcut seviye: {level}. Bonus: +%{bonus}"
"EFFECT_CHARGES","Зарядов: {count}","Charges: {count}","Kullanım: {count}"
"EFFECT_TIME_LEFT","Осталось: {seconds} с","Time left: {seconds}s","Kalan süre: {seconds} sn"
"SUMMON_BOSS_FIGHT","БОЙ С БОССОМ ({seconds} с)","BOSS FIGHT ({seconds}s)","PATRON SAVAŞI ({seconds} sn)"
"SUMMON_BOSS","ПРИЗВАТЬ БОССА ({key})","SUMMON BOSS ({key})","PATRONU ÇAĞIR ({key})"
"SUMMON_WITH_PROGRESS","ПРИЗВАТЬ ({key}) [{kills}/20]","SUMMON ({key}) [{kills}/20]","ÇAĞIR ({key}) [{kills}/20]"
"SUMMON_WITH_KEY","ПРИЗВАТЬ ({key})","SUMMON ({key})","ÇAĞIR ({key})"
"TUTORIAL_SKILL_POINTS","Это твоё дерево навыков. Я начислил тебе {count} ОН. Сейчас можно изучить только «Малую силу чар» (СЧм) или «Малый призыв» (МПм). Дерево останется открытым до покупки навыка.","This is your skill tree. I have granted you {count} SP. Right now you can only learn “Lesser Spell Power” (LSP) or “Lesser Summoning” (LSu). The tree will remain open until a skill is purchased.","Bu senin yetenek ağacın. Sana {count} yetenek puanı verdim. Şu anda yalnızca “Küçük Büyü Gücü” (KBG) veya “Küçük Çağrı” (KÇ) öğrenebilirsin. Bir yetenek satın alınana kadar ağaç açık kalacak."
"BOSS_ESCAPED_WAVE","Босс сбежал! Волна {wave}","Boss escaped! Wave {wave}","Patron kaçtı! Dalga {wave}"
"BOSS_NAME","БОСС: {name}","BOSS: {name}","PATRON: {name}"
"VICTORY_WAVE","Победа! Волна {wave}","Victory! Wave {wave}","Zafer! Dalga {wave}"
"WAVE_STARTED","Волна {wave}","Wave {wave}","Dalga {wave}"
"ENEMY_HEALTH","{enemy} ({health}/{max_health})","{enemy} ({health}/{max_health})","{enemy} ({health}/{max_health})"
"BUY_MENU_ITEM","Купить «{item}» ({amount} зол.)","Buy “{item}” ({amount} gold)","“{item}” satın al ({amount} altın)"
"UPGRADE_MENU_ITEM","{title} ({level}/{max_level}) — {amount} зол.","{title} ({level}/{max_level}) — {amount} gold","{title} ({level}/{max_level}) — {amount} altın"
"SELL_CONTEXT_ITEM","Продать (+{amount} зол.)","Sell (+{amount} gold)","Sat (+{amount} altın)"
"ЗВУК","ЗВУК","AUDIO","SES"
"Музыка:","Музыка:","Music:","Müzik:"
"Звуковые эффекты:","Звуковые эффекты:","Sound effects:","Ses efektleri:"
"... Нажмите клавишу ...","... Нажмите клавишу ...","... Press a key ...","... Bir tuşa bas ..."
"[Не назначено]","[Не назначено]","[Unassigned]","[Atanmamış]"
"Пробел","Пробел","Space","Boşluk"
"Ввод","Ввод","Enter","Enter"
"НАЧАЛО","НАЧАЛО","START","BAŞLANGIÇ"
"Изучено (Макс. ур.)","Изучено (Макс. ур.)","Learned (Max lvl.)","Öğrenildi (Maks. sev.)"
"Закрыто","Закрыто","Locked","Kilitli"
"КУПЛЕНО","КУПЛЕНО","SOLD","SATILDI"
"Купить","Купить","Buy","Satın Al"
"Бусты","Бусты","Boosts","Güçlendirmeler"
"Мастерская","Мастерская","Workshop","Atölye"
"Улучшить","Улучшить","Upgrade","Geliştir"
"Больший котёл","Больший котёл","Greater Cauldron","Büyük Kazan"
"Кристалл прозрения","Кристалл прозрения","Crystal of Insight","İçgörü Kristali"
"Усиленные чары","Усиленные чары","Empowered Enchantments","Güçlendirilmiş Büyüler"
"Инвентарь полон!","Инвентарь полон!","Inventory is full!","Envanter dolu!"
"Улучшено!","Улучшено!","Upgraded!","Geliştirildi!"
"В инвентаре нет материалов для продажи","В инвентаре нет материалов для продажи","There are no materials to sell","Satılacak malzeme yok"
"Материал","Материал","Material","Malzeme"
"Посох","Посох","Staff","Değnek"
"Магический камень","Магический камень","Magic Stone","Sihirli Taş"
"Амулет","Амулет","Amulet","Muska"
"Расходник","Расходник","Consumable","Sarf Malzemesi"
"Камень","Камень","Stone","Taş"
"Амулет I","Амулет I","Amulet I","Muska I"
"Амулет II","Амулет II","Amulet II","Muska II"
"Снять снаряжение","Снять снаряжение","Unequip","Çıkar"
"Экипировать","Экипировать","Equip","Kuşan"
"Использовать","Использовать","Use","Kullan"
"Уничтожить предмет","Уничтожить предмет","Destroy Item","Eşyayı Yok Et"
"НОВЫЙ УРОВЕНЬ!","НОВЫЙ УРОВЕНЬ!","LEVEL UP!","SEVİYE ATLADI!"
"+15% крита!","+15% крита!","+15% crit!","+%15 kritik!"
"Ускорение!","Ускорение!","Speed Boost!","Hızlandı!"
"Ярость!","Ярость!","Wrath!","Gazap!"
"Удача!","Удача!","Luck!","Şans!"
"Ускорение призыва!","Ускорение призыва!","Summon Haste!","Hızlı Çağrı!"
"+50% силы крита!","+50% силы крита!","+50% crit power!","+%50 kritik gücü!"
"Телепортация!","Телепортация!","Teleport!","Işınlanma!"
"Обучение завершено! Добро пожаловать в игру.","Обучение завершено! Добро пожаловать в игру.","Tutorial complete! Welcome to the game.","Eğitim tamamlandı! Oyuna hoş geldin."
"Новый уровень! Открой дерево навыков (K), чтобы распределить очки навыков.","Новый уровень! Открой дерево навыков (K), чтобы распределить ОН.","New level! Open the skill tree (K) to spend your skill points.","Yeni seviye! Yetenek puanlarını dağıtmak için yetenek ağacını (K) aç."
"Не забудь проверить магазин — там могут быть новые улучшения!","Не забудь проверить магазин — там могут быть новые улучшения!","Remember to check the shop — new upgrades may be available!","Dükkâna bakmayı unutma — yeni geliştirmeler olabilir!"
"Новый уровень даёт очки навыков! Открой дерево навыков (K), чтобы стать сильнее.","Новый уровень даёт ОН! Открой дерево навыков (K), чтобы стать сильнее.","A new level grants skill points! Open the skill tree (K) to grow stronger.","Yeni seviye yetenek puanı verir! Güçlenmek için yetenek ağacını (K) aç."
"Каждую 5-ю волну призывается сильный Босс с редкими наградами!","Каждую 5-ю волну призывается сильный Босс с редкими наградами!","Every 5th wave summons a powerful boss with rare rewards!","Her 5. dalgada nadir ödüllere sahip güçlü bir patron çağrılır!"
"Следи за бустами — они временно дают огромные боевые бонусы.","Следи за бустами — они временно дают огромные боевые бонусы.","Watch your boosts — they grant huge temporary combat bonuses.","Güçlendirmeleri takip et — geçici olarak büyük savaş bonusları verirler."
"Редкий лут открывается при изучении навыка 'Охотник за сокровищами'!","Редкая добыча открывается после изучения навыка «Охотник за сокровищами»!","Rare loot unlocks after learning the “Treasure Hunter” skill!","Nadir ganimet, “Hazine Avcısı” yeteneğini öğrenince açılır!"
"Улучшай посох и кристалл в лавке, чтобы быстрее побеждать врагов.","Улучшай посох и кристалл в лавке, чтобы быстрее побеждать врагов.","Upgrade your staff and crystal in the shop to defeat enemies faster.","Düşmanları daha hızlı yenmek için dükkânda değneğini ve kristalini geliştir."
"Призвать противника","Призвать противника","Summon Enemy","Düşman Çağır"
"Игра запускается!","Игра запускается!","The game is starting!","Oyun başlıyor!"
"Зелье ярости","Зелье ярости","Wrath Potion","Gazap İksiri"
"Увеличивает наносимый урон на 50%","Увеличивает наносимый урон на 50%","Increases damage dealt by 50%","Verilen hasarı %50 artırır"
"Повышает шанс редкого лута на 25%","Повышает шанс редкой добычи на 25%","Increases rare loot chance by 25%","Nadir ganimet şansını %25 artırır"
"Сокращает кулдаун призыва на 50%","Сокращает время перезарядки призыва на 50%","Reduces summon cooldown by 50%","Çağırma bekleme süresini %50 azaltır"
"Увеличивает скорость передвижения на 30%","Увеличивает скорость передвижения на 30%","Increases movement speed by 30%","Hareket hızını %30 artırır"
"Увеличивает шанс критического удара на 15%","Увеличивает шанс критического удара на 15%","Increases critical strike chance by 15%","Kritik vuruş şansını %15 artırır"
"Увеличивает силу критического удара на 50%","Увеличивает силу критического удара на 50%","Increases critical strike power by 50%","Kritik vuruş gücünü %50 artırır"
"Супер Монстр","Супер Монстр","Super Monster","Süper Canavar"
"Тёмный эльф","Тёмный эльф","Dark Elf","Kara Elf"
"Slime","Слизень","Slime","Balçık"
"Rat","Крыса","Rat","Sıçan"
"Bat","Летучая мышь","Bat","Yarasa"
"Elf","Эльф","Elf","Elf"
"Talk [E]","Говорить [E]","Talk [E]","Konuş [E]"
"name","имя","name","isim"
"talking...","разговор...","talking...","konuşuyor..."
"Требует навык ""Малая сила чар"" I уровня.","Требуется навык «Малая сила чар» I уровня.","Requires “Lesser Spell Power” level I.","“Küçük Büyü Gücü” I. seviye gerektirir."
"Требует навык ""Средняя сила чар"" I уровня.","Требуется навык «Средняя сила чар» I уровня.","Requires “Medium Spell Power” level I.","“Orta Büyü Gücü” I. seviye gerektirir."
"Требует навык ""Малый призыв"" I уровня.","Требуется навык «Малый призыв» I уровня.","Requires “Lesser Summoning” level I.","“Küçük Çağrı” I. seviye gerektirir."
"Требует навык ""Средний призыв"" I уровня.","Требуется навык «Средний призыв» I уровня.","Requires “Medium Summoning” level I.","“Orta Çağrı” I. seviye gerektirir."
"Требует навык ""Золотая лихорадка"" I уровня.","Требуется навык «Золотая лихорадка» I уровня.","Requires “Gold Rush” level I.","“Altına Hücum” I. seviye gerektirir."
"Требует навык ""Мудрость древних"" I уровня.","Требуется навык «Мудрость древних» I уровня.","Requires “Ancient Wisdom” level I.","“Kadim Bilgelik” I. seviye gerektirir."
"Гибридный навык.\nТребует: ""Автопризыв"" I ур. и ""Большая сила чар"" I ур.","Гибридный навык.\nТребуется: «Автопризыв» I ур. и «Большая сила чар» I ур.","Hybrid skill.\nRequires: “Auto-Summon” lvl. I and “Greater Spell Power” lvl. I.","Hibrit yetenek.\nGerektirir: “Otomatik Çağrı” sev. I ve “Büyük Büyü Gücü” sev. I."
"Гибридный навык.\nТребует: ""Критическая магия"" I ур. и ""Астральная связь"" I ур.","Гибридный навык.\nТребуется: «Критическая магия» I ур. и «Астральная связь» I ур.","Hybrid skill.\nRequires: “Critical Magic” lvl. I and “Astral Link” lvl. I.","Hibrit yetenek.\nGerektirir: “Kritik Büyü” sev. I ve “Astral Bağ” sev. I."
"Гибридный навык.\nТребует: ""Перегрузка маны"" I ур. и ""Синергия кристалла"" I ур.","Гибридный навык.\nТребуется: «Перегрузка маны» I ур. и «Синергия кристалла» I ур.","Hybrid skill.\nRequires: “Mana Overload” lvl. I and “Crystal Synergy” lvl. I.","Hibrit yetenek.\nGerektirir: “Mana Aşırı Yüklemesi” sev. I ve “Kristal Sinerjisi” sev. I."
"Синергия кристалла","Синергия кристалла","Crystal Synergy","Kristal Sinerjisi"
"Повышает эффективность улучшения ""Настройка кристалла"" (бонус за уровень становится +6% вместо +5%).","Повышает эффективность улучшения «Настройка кристалла» (бонус за уровень становится +6% вместо +5%).","Improves “Crystal Tuning” (the per-level bonus becomes +6% instead of +5%).","“Kristal Ayarı” geliştirmesini güçlendirir (seviye bonusu +%5 yerine +%6 olur)."
"SKILL_REQUIREMENT_MAGIC_RESONANCE","Гибридный навык.\nТребуется: «Автопризыв» I ур. и «Большая сила чар» I ур.","Hybrid skill.\nRequires: “Auto-Summon” lvl. I and “Greater Spell Power” lvl. I.","Hibrit yetenek.\nGerektirir: “Otomatik Çağrı” sev. I ve “Büyük Büyü Gücü” sev. I."
"SKILL_REQUIREMENT_ASTRAL_BLAST","Гибридный навык.\nТребуется: «Критическая магия» I ур. и «Астральная связь» I ур.","Hybrid skill.\nRequires: “Critical Magic” lvl. I and “Astral Link” lvl. I.","Hibrit yetenek.\nGerektirir: “Kritik Büyü” sev. I ve “Astral Bağ” sev. I."
"SKILL_REQUIREMENT_ULTIMATE_FOCUS","Гибридный навык.\nТребуется: «Перегрузка маны» I ур. и «Синергия кристалла» I ур.","Hybrid skill.\nRequires: “Mana Overload” lvl. I and “Crystal Synergy” lvl. I.","Hibrit yetenek.\nGerektirir: “Mana Aşırı Yüklemesi” sev. I ve “Kristal Sinerjisi” sev. I."
"Ур. 1","Ур. 1","Lvl. 1","Sev. 1"
"Волна: 1","Волна: 1","Wave: 1","Dalga: 1"
"Убито: 0","Убито: 0","Kills: 0","Öldürme: 0"
"Волна 1 • 0/20 • Эфф. 0","Волна 1 • 0/20 • Эфф. 0","Wave 1 • 0/20 • Eff. 0","Dalga 1 • 0/20 • Etki 0"
"Conversation System","Система диалогов","Conversation System","Diyalog Sistemi"
"...","...","...","..."
"Посох Бури","Посох Бури","Storm Staff","Fırtına Değneği"
"Напитан яростью грозовых туч.","Напитан яростью грозовых туч.","Imbued with the fury of storm clouds.","Fırtına bulutlarının öfkesiyle doludur."
"Око Дракона","Око Дракона","Dragon's Eye","Ejderha Gözü"
"Драконий зрачок, застывший в камне.","Драконий зрачок, застывший в камне.","A dragon's pupil frozen in stone.","Taşa hapsolmuş bir ejderha gözbebeği."
"Амулет Феникса","Амулет Феникса","Phoenix Amulet","Anka Muskası"
"Дарует владельцу тепло, ускоряя призыв и атаки (+15% к скорости, +5% к криту).","Дарует владельцу тепло, ускоряя призыв и атаки (+15% к скорости, +5% к криту).","Warms its wearer, speeding up summons and attacks (+15% speed, +5% crit).","Taşıyanı ısıtır; çağırma ve saldırıları hızlandırır (+%15 hız, +%5 kritik)."
"Посох Архимага","Посох Архимага","Archmage's Staff","Başbüyücü Değneği"
"Легендарное оружие величайших магов древности.","Легендарное оружие величайших магов древности.","The legendary weapon of the greatest ancient mages.","Kadim çağların en büyük büyücülerinin efsanevi silahı."
"Сердце Бездны","Сердце Бездны","Heart of the Abyss","Uçurumun Kalbi"
"Пульсирующий кристалл из глубин космоса.","Пульсирующий кристалл из глубин космоса.","A pulsing crystal from the depths of space.","Uzayın derinliklerinden gelen titreşen bir kristal."
"Звезда надежды","Звезда надежды","Star of Hope","Umut Yıldızı"
"Осколок упавшей звезды. Значительно повышает скорость (+20% к скорости) и критический шанс (+15% к шансу крита).","Осколок упавшей звезды. Значительно повышает скорость (+20% к скорости) и шанс крита (+15%).","A shard of a fallen star. Greatly increases speed (+20%) and critical chance (+15%).","Düşmüş bir yıldızın parçası. Hızı (+%20) ve kritik şansını (+%15) büyük ölçüde artırır."
"Слизь","Слизь","Slime","Balçık"
"Вязкая субстанция слизня. Используется в алхимии.","Вязкая субстанция слизня. Используется в алхимии.","A slime's viscous substance. Used in alchemy.","Balçığın yapışkan özü. Simyada kullanılır."
"Шкура крысы","Шкура крысы","Rat Hide","Sıçan Postu"
"Грубая шерсть серой крысы.","Грубая шерсть серой крысы.","The coarse fur of a gray rat.","Gri bir sıçanın kaba kürkü."
"Крыло летучей мыши","Крыло летучей мыши","Bat Wing","Yarasa Kanadı"
"Тонкое кожаное крыло летучей мыши.","Тонкое кожаное крыло летучей мыши.","A bat's thin leathery wing.","Yarasanın ince, derimsi kanadı."
"Пыльца эльфов","Пыльца эльфов","Elf Pollen","Elf Poleni"
"Мерцающий порошок с одежды лесного эльфа.","Мерцающий порошок с одежды лесного эльфа.","Shimmering powder from a forest elf's clothes.","Orman elfinin giysisinden dökülen parıltılı toz."
"Коготь летучей мыши","Коготь летучей мыши","Bat Claw","Yarasa Pençesi"
"Маленький острый коготь.","Маленький острый коготь.","A small, sharp claw.","Küçük ve keskin bir pençe."
"Сгусток маны","Сгусток маны","Mana Clump","Mana Kümesi"
"Концентрированная чистая магическая энергия.","Концентрированная чистая магическая энергия.","Concentrated pure magical energy.","Yoğunlaştırılmış saf büyü enerjisi."
"Хвост крысы","Хвост крысы","Rat Tail","Sıçan Kuyruğu"
"Длинный тонкий крысиный хвост.","Длинный тонкий крысиный хвост.","A long, thin rat tail.","Uzun ve ince bir sıçan kuyruğu."
"Клык крысы","Клык крысы","Rat Fang","Sıçan Dişi"
"Острый зуб грызуна.","Острый зуб грызуна.","A rodent's sharp tooth.","Bir kemirgenin keskin dişi."
"Эльфийская пыль","Эльфийская пыль","Elven Dust","Elf Tozu"
"Волшебный светящийся порошок.","Волшебный светящийся порошок.","A magical glowing powder.","Büyülü, ışıldayan bir toz."
"Древний пергамент","Древний пергамент","Ancient Parchment","Kadim Parşömen"
"Ветхий свиток с остатками древних рун.","Ветхий свиток с остатками древних рун.","A worn scroll bearing traces of ancient runes.","Kadim rünlerin izlerini taşıyan yıpranmış bir tomar."
"Эликсир крита","Эликсир крита","Critical Elixir","Kritik İksiri"
"Дарует +15% к шансу крита на 30 секунд при использовании.","При использовании даёт +15% к шансу крита на 30 секунд.","Grants +15% critical chance for 30 seconds when used.","Kullanıldığında 30 saniye boyunca +%15 kritik şansı verir."
"Свиток крит. силы","Свиток крит. силы","Critical Power Scroll","Kritik Güç Parşömeni"
"Дарует +50% к критическому урону на 60 секунд.","Даёт +50% к критическому урону на 60 секунд.","Grants +50% critical damage for 60 seconds.","60 saniye boyunca +%50 kritik hasar verir."
"Зелье скорости","Зелье скорости","Speed Potion","Hız İksiri"
"Временно ускоряет передвижение на 30%.","Временно увеличивает скорость передвижения на 30%.","Temporarily increases movement speed by 30%.","Hareket hızını geçici olarak %30 artırır."
"Эликсир ярости","Эликсир ярости","Wrath Elixir","Gazap İksiri"
"Временно повышает урон и скорость атаки.","Временно повышает урон и скорость атаки.","Temporarily increases damage and attack speed.","Hasarı ve saldırı hızını geçici olarak artırır."
"Свиток телепортации","Свиток телепортации","Teleportation Scroll","Işınlanma Parşömeni"
"Переносит в безопасное место.","Переносит в безопасное место.","Teleports you to a safe place.","Seni güvenli bir yere ışınlar."
"Эликсир удачи","Эликсир удачи","Lucky Elixir","Şans İksiri"
"Дарует +25% к шансу выпадения редкого лута на 10 врагов при использовании.","При использовании повышает шанс редкой добычи на 25% для следующих 10 врагов.","Increases rare loot chance by 25% for the next 10 enemies.","Sonraki 10 düşman için nadir ganimet şansını %25 artırır."
"Свиток ускорения","Свиток ускорения","Haste Scroll","Hızlandırma Parşömeni"
"Сокращает время перезарядки призыва на 50% на 5 минут при использовании.","При использовании сокращает время перезарядки призыва на 50% на 5 минут.","Reduces summon cooldown by 50% for 5 minutes when used.","Kullanıldığında çağırma bekleme süresini 5 dakika boyunca %50 azaltır."
"Малый магический камень","Малый магический камень","Lesser Magic Stone","Küçük Sihirli Taş"
"Небольшой кристалл, слабо светящийся энергией.","Небольшой кристалл, слабо светящийся энергией.","A small crystal glowing faintly with energy.","Enerjiyle hafifçe parlayan küçük bir kristal."
"Кольцо ночи","Кольцо ночи","Ring of Night","Gece Yüzüğü"
"Необычное кольцо, ускоряющее движения во тьме.","Необычное кольцо, ускоряющее движения во тьме.","An unusual ring that quickens movement in darkness.","Karanlıkta hareketi hızlandıran sıradışı bir yüzük."
"Посох болотной трясины","Посох болотной трясины","Bog Staff","Bataklık Değneği"
"Тяжелый посох из болотной древесины. Увеличивает урон, но снижает скорость атаки.","Тяжёлый посох из болотной древесины. Увеличивает урон, но снижает скорость атаки.","A heavy staff made of bog wood. Increases damage but reduces attack speed.","Bataklık ağacından ağır bir değnek. Hasarı artırır, ancak saldırı hızını düşürür."
"Амулет выносливости","Амулет выносливости","Amulet of Endurance","Dayanıklılık Muskası"
"Увеличивает базовый урон (+1) и общую скорость атак (+5%).","Увеличивает базовый урон (+1) и скорость атаки (+5%).","Increases base damage (+1) and attack speed (+5%).","Temel hasarı (+1) ve saldırı hızını (+%5) artırır."
"Амулет крысиной удачи","Амулет крысиной удачи","Rat's Luck Amulet","Sıçan Şansı Muskası"
"Необычный амулет. Привлекает блестящие монеты (+25% золота с врагов).","Необычный амулет. Привлекает блестящие монеты (+25% золота с врагов).","An unusual amulet that attracts shiny coins (+25% gold from enemies).","Parlak paraları çeken sıradışı bir muska (düşmanlardan +%25 altın)."
"Малый посох","Малый посох","Lesser Staff","Küçük Değnek"
"Простой посох для концентрации магии.","Простой посох для концентрации магии.","A simple staff for focusing magic.","Büyüyü odaklamak için basit bir değnek."
"Посох лунного света","Посох лунного света","Moonlight Staff","Ay Işığı Değneği"
"Редкий посох, благословленный светом луны. Значительно повышает шанс критического удара (+10%).","Редкий посох, благословлённый лунным светом. Значительно повышает шанс крита (+10%).","A rare staff blessed by moonlight. Greatly increases critical chance (+10%).","Ay ışığıyla kutsanmış nadir bir değnek. Kritik şansını büyük ölçüde artırır (+%10)."
"Камень эльфийской мудрости","Камень эльфийской мудрости","Stone of Elven Wisdom","Elf Bilgeliği Taşı"
"Эпический кристалл, дарующий мудрость древних (+30% опыта с врагов).","Эпический кристалл, дарующий мудрость древних (+30% опыта с врагов).","An epic crystal granting ancient wisdom (+30% XP from enemies).","Kadim bilgelik veren epik bir kristal (düşmanlardan +%30 deneyim)."
"Амулет королевской крови","Амулет королевской крови","Royal Blood Amulet","Kraliyet Kanı Muskası"
"Легендарное украшение, значительно повышающее скорость (+12% к скорости) и критический шанс (+8% к шансу крита).","Легендарное украшение, значительно повышающее скорость (+12%) и шанс крита (+8%).","A legendary ornament that greatly increases speed (+12%) and critical chance (+8%).","Hızı (+%12) ve kritik şansını (+%8) büyük ölçüde artıran efsanevi bir takı."
"Простой Посох","Простой посох","Simple Staff","Basit Değnek"
"Необычный Посох","Необычный посох","Uncommon Staff","Sıradışı Değnek"
"Редкий Посох","Редкий посох","Rare Staff","Nadir Değnek"
"Простой Магический камень","Простой магический камень","Simple Magic Stone","Basit Sihirli Taş"
"Необычный Магический камень","Необычный магический камень","Uncommon Magic Stone","Sıradışı Sihirli Taş"
"Редкий Магический камень","Редкий магический камень","Rare Magic Stone","Nadir Sihirli Taş"
"Простой Амулет","Простой амулет","Simple Amulet","Basit Muska"
"Необычный Амулет","Необычный амулет","Uncommon Amulet","Sıradışı Muska"
"Редкий Амулет","Редкий амулет","Rare Amulet","Nadir Muska"
"Посох, концентрирующий магический урон мага.","Посох, концентрирующий магический урон мага.","A staff that focuses its wielder's magical damage.","Kullananın büyü hasarını odaklayan bir değnek."
"Повышает запас маны и магический потенциал.","Повышает запас маны и магический потенциал.","Increases mana reserves and magical potential.","Mana rezervini ve büyü potansiyelini artırır."
"Наделяет владельца пассивной защитной аурой.","Наделяет владельца пассивной защитной аурой.","Grants its wearer a passive protective aura.","Taşıyan kişiye pasif bir koruyucu aura verir."
"SETTINGS_SHORTCUT_LABEL","Ярлык игры:","Game Shortcut:","Oyun Kısayolu:"
"SETTINGS_ADD_SHORTCUT","Установить ярлык 📲","Add Shortcut 📲","Kısayol Ekle 📲"
"SHORTCUT_ADDED","Добавлено! ✅","Added! ✅","Eklendi! ✅"
